name,price,stock
The Most Perfect Thing: Inside (and Outside) a Bird's Egg,£42.96,16 available
Immunity: How Elie Metchnikoff Changed the Course of Modern Medicine,£57.36,16 available
Sorting the Beef from the Bull: The Science of Food Fraud Forensics,£44.74,14 available
Tipping Point for Planet Earth: How Close Are We to the Edge?,£37.55,12 available
"The Fabric of the Cosmos: Space, Time, and the Texture of Reality",£55.91,9 available
Diary of a Citizen Scientist: Chasing Tiger Beetles and Other New Ways of Engaging the World,£28.41,8 available
The Origin of Species,£10.01,7 available
The Grand Design,£13.76,5 available
Peak: Secrets from the New Science of Expertise,£16.28,5 available
"The Elegant Universe: Superstrings, Hidden Dimensions, and the Quest for the Ultimate Theory",£13.03,3 available
"The Disappearing Spoon: And Other True Tales of Madness, Love, and the History of the World from the Periodic Table of the Elements",£57.35,3 available
"Surely You're Joking, Mr. Feynman!: Adventures of a Curious Character",£25.83,3 available
Seven Brief Lessons on Physics,£30.60,3 available
The Selfish Gene,£29.45,1 available
